{"cameraMode":{"drawMode":0,"name":"Shaded","section":"Shading Mode"},"sceneLighting":true,"audioPlay":false,"sceneViewState":{"showFog":true,"showMaterialUpdate":false,"showSkybox":true,"showFlares":true,"showImageEffects":true,"showParticleSystems":true},"in2DMode":false,"pivot":{"x":-6.802243232727051,"y":2.5173540115356447,"z":9.207589149475098},"rotation":{"x":0.023251228034496309,"y":0.9703601002693176,"z":-0.21688754856586457,"w":0.10402663052082062},"size":8.604549407958985,"orthographic":true}