{"cameraMode":{"drawMode":0,"name":"Shaded","section":"Shading Mode"},"sceneLighting":true,"audioPlay":false,"sceneViewState":{"showFog":true,"showMaterialUpdate":false,"showSkybox":true,"showFlares":true,"showImageEffects":true,"showParticleSystems":true},"in2DMode":false,"pivot":{"x":5.935388565063477,"y":-1.134787917137146,"z":-8.177092552185059},"rotation":{"x":0.21483638882637025,"y":0.49944886565208437,"z":-0.1293938010931015,"w":0.8292497992515564},"size":6.011620998382568,"orthographic":true}