{"cameraMode":{"drawMode":0,"name":"Shaded","section":"Shading Mode"},"sceneLighting":true,"audioPlay":false,"sceneViewState":{"showFog":true,"showMaterialUpdate":false,"showSkybox":false,"showFlares":true,"showImageEffects":true,"showParticleSystems":true},"in2DMode":false,"pivot":{"x":-7.848984718322754,"y":-2.686434507369995,"z":9.070490837097168},"rotation":{"x":0.02651219815015793,"y":0.9733281135559082,"z":-0.1698949635028839,"w":0.15188641846179963},"size":6.760926723480225,"orthographic":false}